{"cameraMode":{"drawMode":0,"name":"Shaded","section":"Shading Mode"},"sceneLighting":true,"audioPlay":false,"sceneViewState":{"showFog":true,"showMaterialUpdate":false,"showSkybox":true,"showFlares":true,"showImageEffects":true,"showParticleSystems":true},"in2DMode":false,"pivot":{"x":-6.512895584106445,"y":-6.991757392883301,"z":24.134845733642579},"rotation":{"x":0.13159991800785066,"y":0.16278408467769624,"z":-0.021916989237070085,"w":0.9776208996772766},"size":105.57781982421875,"orthographic":false}