{"cameraMode":{"drawMode":0,"name":"Shaded","section":"Shading Mode"},"sceneLighting":true,"audioPlay":false,"sceneViewState":{"showFog":true,"showMaterialUpdate":false,"showSkybox":true,"showFlares":true,"showImageEffects":true,"showParticleSystems":true},"in2DMode":false,"pivot":{"x":-23.799999237060548,"y":2.5899996757507326,"z":-0.20000001788139344},"rotation":{"x":0.054701998829841617,"y":-0.9419804811477661,"z":0.27138012647628786,"w":0.1898677945137024},"size":50.30531311035156,"orthographic":true}