{"cameraMode":{"drawMode":0,"name":"Shaded","section":"Shading Mode"},"sceneLighting":true,"audioPlay":false,"sceneViewState":{"showFog":true,"showMaterialUpdate":false,"showSkybox":false,"showFlares":true,"showImageEffects":true,"showParticleSystems":true},"in2DMode":false,"pivot":{"x":0.0,"y":3.134000778198242,"z":4.506999969482422},"rotation":{"x":0.2059866189956665,"y":0.10982031375169754,"z":-0.023271361365914346,"w":0.9721032977104187},"size":92.83959197998047,"orthographic":false}