{"cameraMode":{"drawMode":0,"name":"Shaded","section":"Shading Mode"},"sceneLighting":true,"audioPlay":false,"sceneViewState":{"showFog":true,"showMaterialUpdate":false,"showSkybox":true,"showFlares":true,"showImageEffects":true,"showParticleSystems":true},"in2DMode":false,"pivot":{"x":19.27668571472168,"y":4.739896297454834,"z":37.433109283447269},"rotation":{"x":0.011911148205399514,"y":0.6778329610824585,"z":0.010967020876705647,"w":-0.7350707054138184},"size":22.0,"orthographic":false}