{"cameraMode":{"drawMode":0,"name":"Shaded","section":"Shading Mode"},"sceneLighting":true,"audioPlay":false,"sceneViewState":{"showFog":true,"showMaterialUpdate":false,"showSkybox":true,"showFlares":true,"showImageEffects":true,"showParticleSystems":true},"in2DMode":false,"pivot":{"x":46.628807067871097,"y":5.3280134201049809,"z":-21.15023422241211},"rotation":{"x":0.006288011558353901,"y":0.9526445269584656,"z":0.019711792469024659,"w":-0.30346474051475527},"size":65.38731384277344,"orthographic":false}